test_case,task,expected_quadrant,predicted_quadrant,thoughts,raw_output,valid_json,accuracy,semantic_similarity,precision,recall,f1_score,jaccard_index,rouge_l,bleu,time_total,time_thinking
1,Finish quarterly report,Urgent & Important,Urgent & Important,"The task 'Finish quarterly report' must be completed to meet deadlines and fulfill organizational obligations. This assessment considers that quarterly reports are typically time-sensitive due to reporting cycles, and their completion is directly important for business performance tracking, decision-making, and compliance.","Thinking...
Okay, let's tackle this task classification using the Eisenhower Matrix.

First, I need to understand what the user is asking. They want me to classify a specific task into one of the four quadrants based on urgency and importance. The task given is ""Finish quarterly report."" 

I remember that the Eisenhower Matrix categorizes tasks into four areas: Urgent & Important, Not Urgent & Important, Urgent & Not Important, and Not Urgent & Not Important. To determine which quadrant fits this task, I should assess its urgency and importance separately.

Now, considering the task ""Finish quarterly report."" What makes a task urgent? It usually has a deadline approaching quickly or requires immediate attention to prevent negative consequences. For example, if there's an imminent deadline like tomorrow, it might be urgent.

Importance relates to whether completing the task aligns with significant goals or values. A quarterly report is typically important because it summarizes performance over a period and may influence decisions, evaluations, or planning for future quarters. If not completed, it could affect team assessments, funding allocations, or strategic planning.

So putting these together: ""Finish quarterly report"" likely has both urgency (due to deadlines) and importance (as part of regular business operations). Therefore, I think Quadrant 1 - Urgent & Important is the correct classification.
...done thinking.

```json
{
  ""quadrant"": ""Urgent & Important"",
  ""thoughts"": ""The task 'Finish quarterly report' must be completed to meet deadlines and fulfill organizational obligations. This assessment considers that quarterly reports are typically time-sensitive due to reporting cycles, and their completion is directly important for business performance tracking, decision-making, and compliance.""
}
```",True,1,1.0,1.0,1.0,1.0,1.0,1.0,0.5757197301274735,145.75012874603271,0.0
2,Plan team building event,Not Urgent & Important,Not Urgent & Important,"The task 'Plan team building event' is not urgent as there are no immediate deadlines or consequences requiring quick action. However, it's important because a well-organized team-building activity can improve morale and collaboration in the long term, contributing to overall productivity goals without needing daily attention.","Thinking...
Hmm, let's tackle this Eisenhower Matrix classification for planning a team-building event. The task is straightforward - determine which quadrant it belongs to based on urgency and importance.

First, I need to analyze if the task is urgent or not urgent. Urgency implies something must be done right away due to time-sensitive factors. Planning an event doesn't necessarily require immediate action unless there's a specific deadline approaching for bookings or preparations that would force quick decisions today.

Next, assessing importance - this refers to whether the task has significant value or impact on goals. Team-building events are often important for improving workplace relationships and morale, which can contribute to team effectiveness and productivity in the long term. However, they're usually not essential for day-to-day operations unless specified otherwise by management priorities.

The user didn't provide any context about deadlines, so I'll assume this is a planned event without immediate time pressure. The importance comes from its value to team cohesion rather than emergency necessity.

Based on these factors:
- Not urgent (no immediate deadline)
- Important (benefits long-term team dynamics)

This fits squarely into Quadrant 2: ""Not Urgent & Important"". This classification suggests scheduling it for future consideration and allocating focused time to plan properly, ensuring quality over rushed execution. The user might benefit from setting a specific date in their calendar once plans are finalized.

I should also consider that the user might be using this matrix as part of productivity training or personal organization system development. They probably want clear guidance on how to categorize tasks effectively for better time management and prioritization.
...done thinking.

```json
{
  ""quadrant"": ""Not Urgent & Important"",
  ""thoughts"": ""The task 'Plan team building event' is not urgent as there are no immediate deadlines or consequences requiring quick action. However, it's important because a well-organized team-building activity can improve morale and collaboration in the long term, contributing to overall productivity goals without needing daily attention.""
}
```",True,1,1.0,1.0,1.0,1.0,1.0,1.0,1.0,124.51722168922424,0.0
3,Reply to casual emails,Urgent & Not Important,Not Urgent & Not Important,"Casual emails typically do not require immediate attention and often involve low-stakes communication. They are generally not critical to ongoing projects or deadlines, making them non-essential tasks that can be scheduled around more important matters.","Thinking...
Okay, user wants me to classify the task ""Reply to casual emails"" using the Eisenhower Matrix. Let's break this down carefully.

First, I need to understand what constitutes each quadrant:
- Important but not urgent is for things that matter long-term but don't require immediate action.
- Urgent and important combines both factors - these are crises that must be fixed now.
- The other two quadrants combine the opposite pairings of importance/urgency.

Now, analyzing ""Reply to casual emails"":
Casual emails typically aren't time-sensitive (not urgent), and they're usually minor matters. They might not have major consequences if delayed slightly (not important). However... 

Hmm, I should consider context here. Some users treat even casual replies as part of daily communication expectations. But generally speaking for most people:
The task is low importance because it's about social niceties rather than critical work items.
It lacks urgency since emails can wait hours or days without issue.

But wait - there might be exceptions if these are from frequent contacts who expect quick responses. Still, the default assumption should lean toward not urgent and not important unless specified otherwise.

The user didn't provide additional context about their specific situation, so I'll go with the most common interpretation:
This task fits squarely in Quadrant 4 (Not Urgent & Not Important).

For thoughts: 
I need to explain why this reasoning holds. Casual emails are generally low priority and can be deferred without negative consequences. This makes them suitable for batching or handling during downtime rather than scheduling as time-sensitive tasks.

The classification seems clear here - unless the user has different priorities, casual email replies don't rise above Quadrant 4.
...done thinking.

```json
{
  ""quadrant"": ""Not Urgent & Not Important"",
  ""thoughts"": ""Casual emails typically do not require immediate attention and often involve low-stakes communication. They are generally not critical to ongoing projects or deadlines, making them non-essential tasks that can be scheduled around more important matters.""
}
```",True,0,0.9166666666666666,0.0,0.0,0.0,1.0,0.8571428571428571,0.668740304976422,135.45796465873718,0.0
4,Read industry news,Not Urgent & Not Important,Unknown,"The task 'Read industry news' is not necessarily urgent as there may not be an immediate deadline, but it is important for staying informed about the field. It fits in Quadrant 2 because while not time-sensitive on a daily basis, it contributes to long-term strategic understanding and decision-making.","Thinking...
Okay, user wants me to classify ""Read industry news"" using the Eisenhower Matrix. They're probably looking for productivity guidance right now - maybe they're a professional or student trying to stay informed efficiently.

Hmm, let's break this down... The task is about reading news, which means it has a learning component but also potential real-time value depending on their field. 

First thought: Is this urgent? Well, industry news can be time-sensitive if the user works in fast-moving fields like tech or finance. But they didn't specify any immediate deadline or breaking story requirement... so probably not strictly urgent.

Then important - definitely yes! Staying informed is crucial for career growth and decision-making. Knowledge gaps here could be costly long-term even if short-term risks aren't apparent.

Wait, but the user might have different contexts... If they're in a stable industry with predictable cycles, this might fit better in quadrant 2 (Not Urgent but Important). But without more info, I should assume moderate importance and urgency since:
- It's likely daily/weekly habit rather than emergency
- Builds strategic awareness over time 
- No immediate consequences for skipping it once

The quadrant label ""Strategic Planning"" seems fitting here - it captures the non-immediate nature while acknowledging its strategic value. 

Adding a note about potential future importance makes sense too, since industry shifts can accelerate unexpectedly. But I shouldn't overclassify without user context.

Better keep thoughts concise but cover both dimensions (urgency/importance) and explain why quadrant 2 applies here.
...done thinking.

```json
{
  ""quadrant"": ""Strategic Planning"",
  ""thoughts"": ""The task 'Read industry news' is not necessarily urgent as there may not be an immediate deadline, but it is important for staying informed about the field. It fits in Quadrant 2 because while not time-sensitive on a daily basis, it contributes to long-term strategic understanding and decision-making.""
}
```",True,0,0.12121212121212122,0.0,0.0,0.0,0.0,0.0,0,126.10344624519348,0.0
5,Prepare presentation for next week,Urgent & Important,Urgent & Important,"The task ""Prepare presentation for next week"" is time-bound (next week) so it can be considered urgent due to the deadline. It's also important as presenting effectively often contributes directly to goals, opportunities, or outcomes.","Thinking...
Hmm, the user wants me to classify the task ""Prepare presentation for next week"" into the Eisenhower Matrix. This is a simple request about productivity organization.

The Eisenhower Matrix has four quadrants based on urgency and importance:
1. Urgent & Important - Tasks that need immediate attention.
2. Not Urgent & Important - Strategic tasks that contribute to goals but aren't time-sensitive.
3. Urgent & Not Important - Tasks that demand attention but are not crucial.
4. Not Urgent & Not Important - Tasks that don't require priority.

For ""Prepare presentation for next week,"" I need to assess its urgency and importance. Is it urgent? The word ""next week"" suggests a deadline, so it's time-bound and probably needs to be done soon before the event where it's presented. That makes it urgent in terms of timing because failing could lead to immediate consequences like missing an opportunity.

Now for importance: Presentations often communicate key ideas, secure deals, or inform stakeholders, which directly impacts goals and priorities. If this presentation is for something significant, like a meeting with clients or management, not preparing it would mean losing out on progress or opportunities, so it's important to my objectives.

Putting that togetherâ€”this task has both urgency (due date in the next week) and importance (it affects outcomes). So it fits into Quadrant 1: Urgent & Important. This is where I'd recommend immediate focus because there are no buffers; things need to get done now.

The user might be someone dealing with professional responsibilities, perhaps a manager or team leader preparing for an upcoming event. They're probably stressed about deadlines and want to prioritize effectively. Deeper down, they could be seeking reassurance that their approach is correct or looking for ways to manage stress better by understanding task categorization. By classifying this properly, I'm helping them tackle high-priority work first, which aligns with the matrix's goal of improving productivity.

I'll structure my response as JSON only, with ""quadrant"" set to ""Urgent & Important"" and ""thoughts"" explaining my reasoning step by step. This keeps it concise while addressing their need for clear prioritization advice.
...done thinking.

```json
{
  ""quadrant"": ""Urgent & Important"",
  ""thoughts"": ""The task \""Prepare presentation for next week\"" is time-bound (next week) so it can be considered urgent due to the deadline. It's also important as presenting effectively often contributes directly to goals, opportunities, or outcomes.""
}
```",True,1,1.0,1.0,1.0,1.0,1.0,1.0,0.5757197301274735,167.67397212982178,0.0
